{
  "project_info": {
    "project_number": "360926269457",
    "project_id": "pca1-b261e",
    "storage_bucket": "pca1-b261e.firebasestorage.app"
  },
  "client": [
    {
      "client_info": {
        "mobilesdk_app_id": "1:360926269457:android:53b54afbad638d0acb61b0",
        "android_client_info": {
          "package_name": "com.example.parentalcontrolchild"
        }
      },
      "oauth_client": [],
      "api_key": [
        {
          "current_key": "AIzaSyBOZHBcw5Q7MdMKeivJwYpqAZyRMmYmSdI"
        }
      ],
      "services": {
        "appinvite_service": {
          "other_platform_oauth_client": []
        }
      }
    }
  ],
  "configuration_version": "1"
}